User,Public,,,,,,,,,,,,,,,,,,
Protocol name,New FL Protocol,,,,,,,,,,,,,,,,,,
Time of export,04/30/2025 00:08:32,,,,,,,,,,,,,,,,,,
Time of last change,04/24/2025 23:09:41,,,,,,,,,,,,,,,,,,
Time of last use (end time),04/24/2025 23:13:38,,,,,,,,,,,,,,,,,,
Software version,1.2.0.0,,,,,,,,,,,,,,,,,,
Instrument name,iD3-2585,,,,,,,,,,,,,,,,,,
Serial number,2585,,,,,,,,,,,,,,,,,,
Notes,,,,,,,,,,,,,,,,,,,
,,,,,,,,,,,,,,,,,,,
Experiment (1 of 1),,,,,,,,,,,,,,,,,,,
Experiment name,Experiment 1,,,,,,,,,,,,,,,,,,
,,,,,,,,,,,,,,,,,,,
Plate  (1 of 12),,,,,,,,,,,,,,,,,,,
Plate name,day1,,,,,,,,,,,,,,,,,,
Barcode,,,,,,,,,,,,,,,,,,,
Microplate name,Greiner clear,,,,,,,,,,,,,,,,,,
Rows,8,,,,,,,,,,,,,,,,,,
Columns,12,,,,,,,,,,,,,,,,,,
Well count,96 Wells,,,,,,,,,,,,,,,,,,
Well shape,Round,,,,,,,,,,,,,,,,,,
Bottom shape,Flat,,,,,,,,,,,,,,,,,,
Orientation,Landscape,,,,,,,,,,,,,,,,,,
Is lidded,FALSE,,,,,,,,,,,,,,,,,,
Read Time,04/18/2025 23:10:38,,,,,,,,,,,,,,,,,,
,,,,,,,,,,,,,,,,,,,
Data Reduction Settings,,,,,,,,,,,,,,,,,,,
Method,Polarization,,,,,,,,,,,,,,,,,,
G-Factor,0.5,,,,,,,,,,,,,,,,,,
,,,,,,,,,,,,,,,,,,,
Settings,,,,,,,,,,,,,,,,,,,
Measurement mode,Fl,,,,,,,,,,,,,,,,,,
Measurement type,Endpoint,,,,,,,,,,,,,,,,,,
,,,,,,,,,,,,,,,,,,,
Wavelength settings,,,,,,,,,,,,,,,,,,,
Method,Mono / Mono,,,,,,,,,,,,,,,,,,
Excitation/Emission,485 nm/525 nm,,,,,,,,,,,,,,,,,,
,560 nm/670 nm,,,,,,,,,,,,,,,,,,
,,,,,,,,,,,,,,,,,,,
Detection settings,,,,,,,,,,,,,,,,,,,
Integration time,400,,,,,,,,,,,,,,,,,,
PMT Sensitivity,Auto,,,,,,,,,,,,,,,,,,
Bottom read,FALSE,,,,,,,,,,,,,,,,,,
Read height,1,,,,,,,,,,,,,,,,,,
,,,,,,,,,,,,,,,,,,,
Shake settings,,,,,,,,,,,,,,,,,,,
Shake,TRUE,,,,,,,,,,,,,,,,,,
Duration,5,,,,,,,,,,,,,,,,,,
Mode,Orbital,,,,,,,,,,,,,,,,,,
Intensity,Medium,,,,,,,,,,,,,,,,,,
,,,,,,,,,,,,,,,,,,,
Read area settings,,,,,,,,,,,,,,,,,,,
Read order,Row,,,,,,,,,,,,,,,,,,
,,,,,,,,,,,,,,,,,,,
Well data,,,,,,,,,,,,,,,,,,,
Wavelength(Ex/Em),485 nm/525 nm,1,2,3,4,5,6,7,8,9,10,11,12,,,,,,
,A,,,,,,,,,,,,,,,,,,
,B,,,,,,,,,,,,,,,,,,
,C,,,,,,,,,,,,,,,,,,
,D,,,,,,,,,,,,,,,,,,
,E,,,,,,,,,,,,,,,,,,
,F,,,,,,,,,,,,,,,,,,
,G,2965540,2021576,2744766,12349697,5815874,4647408,6168924,3280290,14278809,13830029,,,,,,,,
,H,12361126,4601740,2268716,2792503,5198840,2186585,,,,,,,,,,,,
,,,,,,,,,,,,,,,,,,,
Wavelength(Ex/Em),560 nm/670 nm,1,2,3,4,5,6,7,8,9,10,11,12,,,,,,
,A,,,,,,,,,,,,,,,,,,
,B,,,,,,,,,,,,,,,,,,
,C,,,,,,,,,,,,,,,,,,
,D,,,,,,,,,,,,,,,,,,
,E,,,,,,,,,,,,,,,,,,
,F,,,,,,,,,,,,,,,,,,
,G,22345568,602147,21683476,23288934,23608058,14682179,23350522,24425196,23147942,22722420,,,,,,,,
,H,25535428,23333452,207760,23759038,35356,43095,,,,,,,,,,,,
,,,,,,,,,,,,,,,,,,,
,,,,,,,,,,,,,,,,,,,
,,,,,,,,,,,,,,,,,,,
Plate  (2 of 12),,,,,,,,,,,,,,,,,,,
Plate name,day5pl1,,,,,,,,,,,,,,,,,,
Barcode,,,,,,,,,,,,,,,,,,,
Microplate name,Greiner clear,,,,,,,,,,,,,,,,,,
Rows,8,,,,,,,,,,,,,,,,,,
Columns,12,,,,,,,,,,,,,,,,,,
Well count,96 Wells,,,,,,,,,,,,,,,,,,
Well shape,Round,,,,,,,,,,,,,,,,,,
Bottom shape,Flat,,,,,,,,,,,,,,,,,,
Orientation,Landscape,,,,,,,,,,,,,,,,,,
Is lidded,FALSE,,,,,,,,,,,,,,,,,,
Read Time,04/23/2025 03:30:42,,,,,,,,,,,,,,,,,,
,,,,,,,,,,,,,,,,,,,
Data Reduction Settings,,,,,,,,,,,,,,,,,,,
Method,Polarization,,,,,,,,,,,,,,,,,,
G-Factor,0.5,,,,,,,,,,,,,,,,,,
,,,,,,,,,,,,,,,,,,,
Settings,,,,,,,,,,,,,,,,,,,
Measurement mode,Fl,,,,,,,,,,,,,,,,,,
Measurement type,Endpoint,,,,,,,,,,,,,,,,,,
,,,,,,,,,,,,,,,,,,,
Wavelength settings,,,,,,,,,,,,,,,,,,,
Method,Mono / Mono,,,,,,,,,,,,,,,,,,
Excitation/Emission,485 nm/525 nm,,,,,,,,,,,,,,,,,,
,560 nm/670 nm,,,,,,,,,,,,,,,,,,
,,,,,,,,,,,,,,,,,,,
Detection settings,,,,,,,,,,,,,,,,,,,
Integration time,400,,,,,,,,,,,,,,,,,,
PMT Sensitivity,Auto,,,,,,,,,,,,,,,,,,
Bottom read,FALSE,,,,,,,,,,,,,,,,,,
Read height,1,,,,,,,,,,,,,,,,,,
,,,,,,,,,,,,,,,,,,,
Shake settings,,,,,,,,,,,,,,,,,,,
Shake,TRUE,,,,,,,,,,,,,,,,,,
Duration,5,,,,,,,,,,,,,,,,,,
Mode,Orbital,,,,,,,,,,,,,,,,,,
Intensity,Medium,,,,,,,,,,,,,,,,,,
,,,,,,,,,,,,,,,,,,,
Read area settings,,,,,,,,,,,,,,,,,,,
Read order,Row,,,,,,,,,,,,,,,,,,
,,,,,,,,,,,,,,,,,,,
Well data,,,,,,,,,,,,,,,,,,,
Wavelength(Ex/Em),485 nm/525 nm,1,2,3,4,5,6,7,8,9,10,11,12,,,,,,
,A,,,,,,,,,,,,,,,,,,
,B,,,,,,,,,,,,,,,,,,
,C,,,,,,,,,,,,,,,,,,
,D,,,,,,,,,,,,,,,,,,
,E,,,,,,,,,,,,,,,,,,
,F,,,,,,,,,,,,,,,,,,
,G,6833164,3662599,5846820,31004958,15028988,8940176,17091706,7998228,30039050,33098578,,,,,,,,
,H,34339304,11353062,7896902,6029954,49762784,3385771,,,,,,,,,,,,
,,,,,,,,,,,,,,,,,,,
Wavelength(Ex/Em),560 nm/670 nm,1,2,3,4,5,6,7,8,9,10,11,12,,,,,,
,A,,,,,,,,,,,,,,,,,,
,B,,,,,,,,,,,,,,,,,,
,C,,,,,,,,,,,,,,,,,,
,D,,,,,,,,,,,,,,,,,,
,E,,,,,,,,,,,,,,,,,,
,F,,,,,,,,,,,,,,,,,,
,G,48975636,2744710,50781236,38164256,46221280,21732204,46659872,52388584,33360946,27941370,,,,,,,,
,H,33431406,44718144,2808700,50026616,97165,100441,,,,,,,,,,,,
,,,,,,,,,,,,,,,,,,,
,,,,,,,,,,,,,,,,,,,
,,,,,,,,,,,,,,,,,,,
Plate  (3 of 12),,,,,,,,,,,,,,,,,,,
Plate name,da6pla1,,,,,,,,,,,,,,,,,,
Barcode,,,,,,,,,,,,,,,,,,,
Microplate name,Greiner clear,,,,,,,,,,,,,,,,,,
Rows,8,,,,,,,,,,,,,,,,,,
Columns,12,,,,,,,,,,,,,,,,,,
Well count,96 Wells,,,,,,,,,,,,,,,,,,
Well shape,Round,,,,,,,,,,,,,,,,,,
Bottom shape,Flat,,,,,,,,,,,,,,,,,,
Orientation,Landscape,,,,,,,,,,,,,,,,,,
Is lidded,FALSE,,,,,,,,,,,,,,,,,,
Read Time,04/24/2025 00:40:21,,,,,,,,,,,,,,,,,,
,,,,,,,,,,,,,,,,,,,
Data Reduction Settings,,,,,,,,,,,,,,,,,,,
Method,Polarization,,,,,,,,,,,,,,,,,,
G-Factor,0.5,,,,,,,,,,,,,,,,,,
,,,,,,,,,,,,,,,,,,,
Settings,,,,,,,,,,,,,,,,,,,
Measurement mode,Fl,,,,,,,,,,,,,,,,,,
Measurement type,Endpoint,,,,,,,,,,,,,,,,,,
,,,,,,,,,,,,,,,,,,,
Wavelength settings,,,,,,,,,,,,,,,,,,,
Method,Mono / Mono,,,,,,,,,,,,,,,,,,
Excitation/Emission,485 nm/525 nm,,,,,,,,,,,,,,,,,,
,560 nm/670 nm,,,,,,,,,,,,,,,,,,
,,,,,,,,,,,,,,,,,,,
Detection settings,,,,,,,,,,,,,,,,,,,
Integration time,400,,,,,,,,,,,,,,,,,,
PMT Sensitivity,Auto,,,,,,,,,,,,,,,,,,
Bottom read,FALSE,,,,,,,,,,,,,,,,,,
Read height,1,,,,,,,,,,,,,,,,,,
,,,,,,,,,,,,,,,,,,,
Shake settings,,,,,,,,,,,,,,,,,,,
Shake,TRUE,,,,,,,,,,,,,,,,,,
Duration,5,,,,,,,,,,,,,,,,,,
Mode,Orbital,,,,,,,,,,,,,,,,,,
Intensity,Medium,,,,,,,,,,,,,,,,,,
,,,,,,,,,,,,,,,,,,,
Read area settings,,,,,,,,,,,,,,,,,,,
Read order,Row,,,,,,,,,,,,,,,,,,
,,,,,,,,,,,,,,,,,,,
Well data,,,,,,,,,,,,,,,,,,,
Wavelength(Ex/Em),485 nm/525 nm,1,2,3,4,5,6,7,8,9,10,11,12,,,,,,
,A,,,,,,,,,,,,,,,,,,
,B,,,,,,,,,,,,,,,,,,
,C,,,,,,,,,,,,,,,,,,
,D,,,,,,,,,,,,,,,,,,
,E,,,,,,,,,,,,,,,,,,
,F,,,,,,,,,,,,,,,,,,
,G,6795478,3620407,5702807,30898780,14855867,8736530,17207500,7764178,30048490,30178828,,,,,,,,
,H,33126316,11109639,9009605,5800546,58072956,3367414,,,,,,,,,,,,
,,,,,,,,,,,,,,,,,,,
Wavelength(Ex/Em),560 nm/670 nm,1,2,3,4,5,6,7,8,9,10,11,12,,,,,,
,A,,,,,,,,,,,,,,,,,,
,B,,,,,,,,,,,,,,,,,,
,C,,,,,,,,,,,,,,,,,,
,D,,,,,,,,,,,,,,,,,,
,E,,,,,,,,,,,,,,,,,,
,F,,,,,,,,,,,,,,,,,,
,G,42553948,2778840,44066812,31971700,40819800,18350072,39486028,43928128,30165026,24336762,,,,,,,,
,H,29086976,37206168,3072845,41811568,98852,100965,,,,,,,,,,,,
,,,,,,,,,,,,,,,,,,,
,,,,,,,,,,,,,,,,,,,
,,,,,,,,,,,,,,,,,,,
Plate  (4 of 12),,,,,,,,,,,,,,,,,,,
Plate name,day7pla1,,,,,,,,,,,,,,,,,,
Barcode,,,,,,,,,,,,,,,,,,,
Microplate name,Greiner clear,,,,,,,,,,,,,,,,,,
Rows,8,,,,,,,,,,,,,,,,,,
Columns,12,,,,,,,,,,,,,,,,,,
Well count,96 Wells,,,,,,,,,,,,,,,,,,
Well shape,Round,,,,,,,,,,,,,,,,,,
Bottom shape,Flat,,,,,,,,,,,,,,,,,,
Orientation,Landscape,,,,,,,,,,,,,,,,,,
Is lidded,FALSE,,,,,,,,,,,,,,,,,,
Read Time,04/24/2025 23:06:47,,,,,,,,,,,,,,,,,,
,,,,,,,,,,,,,,,,,,,
Data Reduction Settings,,,,,,,,,,,,,,,,,,,
Method,Polarization,,,,,,,,,,,,,,,,,,
G-Factor,0.5,,,,,,,,,,,,,,,,,,
,,,,,,,,,,,,,,,,,,,
Settings,,,,,,,,,,,,,,,,,,,
Measurement mode,Fl,,,,,,,,,,,,,,,,,,
Measurement type,Endpoint,,,,,,,,,,,,,,,,,,
,,,,,,,,,,,,,,,,,,,
Wavelength settings,,,,,,,,,,,,,,,,,,,
Method,Mono / Mono,,,,,,,,,,,,,,,,,,
Excitation/Emission,485 nm/525 nm,,,,,,,,,,,,,,,,,,
,560 nm/670 nm,,,,,,,,,,,,,,,,,,
,,,,,,,,,,,,,,,,,,,
Detection settings,,,,,,,,,,,,,,,,,,,
Integration time,400,,,,,,,,,,,,,,,,,,
PMT Sensitivity,Auto,,,,,,,,,,,,,,,,,,
Bottom read,FALSE,,,,,,,,,,,,,,,,,,
Read height,1,,,,,,,,,,,,,,,,,,
,,,,,,,,,,,,,,,,,,,
Shake settings,,,,,,,,,,,,,,,,,,,
Shake,TRUE,,,,,,,,,,,,,,,,,,
Duration,5,,,,,,,,,,,,,,,,,,
Mode,Orbital,,,,,,,,,,,,,,,,,,
Intensity,Medium,,,,,,,,,,,,,,,,,,
,,,,,,,,,,,,,,,,,,,
Read area settings,,,,,,,,,,,,,,,,,,,
Read order,Row,,,,,,,,,,,,,,,,,,
,,,,,,,,,,,,,,,,,,,
Well data,,,,,,,,,,,,,,,,,,,
Wavelength(Ex/Em),485 nm/525 nm,1,2,3,4,5,6,7,8,9,10,11,12,,,,,,
,A,,,,,,,,,,,,,,,,,,
,B,,,,,,,,,,,,,,,,,,
,C,,,,,,,,,,,,,,,,,,
,D,,,,,,,,,,,,,,,,,,
,E,,,,,,,,,,,,,,,,,,
,F,,,,,,,,,,,,,,,,,,
,G,6606212,3707143,5871534,32139296,15323601,9034673,17581854,7712247,28233318,24421794,,,,,,,,
,H,30133036,11064456,9971565,5757284,63972960,3273178,,,,,,,,,,,,
,,,,,,,,,,,,,,,,,,,
Wavelength(Ex/Em),560 nm/670 nm,1,2,3,4,5,6,7,8,9,10,11,12,,,,,,
,A,,,,,,,,,,,,,,,,,,
,B,,,,,,,,,,,,,,,,,,
,C,,,,,,,,,,,,,,,,,,
,D,,,,,,,,,,,,,,,,,,
,E,,,,,,,,,,,,,,,,,,
,F,,,,,,,,,,,,,,,,,,
,G,36257056,2682626,39976180,29349644,37497764,18100862,34542980,39746580,27604370,20581992,,,,,,,,
,H,28198354,34004704,3453117,37529628,106691,101993,,,,,,,,,,,,
,,,,,,,,,,,,,,,,,,,
,,,,,,,,,,,,,,,,,,,
,,,,,,,,,,,,,,,,,,,
Plate  (5 of 12),,,,,,,,,,,,,,,,,,,
Plate name,day5pl2,,,,,,,,,,,,,,,,,,
Barcode,,,,,,,,,,,,,,,,,,,
Microplate name,Greiner clear,,,,,,,,,,,,,,,,,,
Rows,8,,,,,,,,,,,,,,,,,,
Columns,12,,,,,,,,,,,,,,,,,,
Well count,96 Wells,,,,,,,,,,,,,,,,,,
Well shape,Round,,,,,,,,,,,,,,,,,,
Bottom shape,Flat,,,,,,,,,,,,,,,,,,
Orientation,Landscape,,,,,,,,,,,,,,,,,,
Is lidded,FALSE,,,,,,,,,,,,,,,,,,
Read Time,04/23/2025 03:35:05,,,,,,,,,,,,,,,,,,
,,,,,,,,,,,,,,,,,,,
Data Reduction Settings,,,,,,,,,,,,,,,,,,,
Method,Polarization,,,,,,,,,,,,,,,,,,
G-Factor,0.5,,,,,,,,,,,,,,,,,,
,,,,,,,,,,,,,,,,,,,
Settings,,,,,,,,,,,,,,,,,,,
Measurement mode,Fl,,,,,,,,,,,,,,,,,,
Measurement type,Endpoint,,,,,,,,,,,,,,,,,,
,,,,,,,,,,,,,,,,,,,
Wavelength settings,,,,,,,,,,,,,,,,,,,
Method,Mono / Mono,,,,,,,,,,,,,,,,,,
Excitation/Emission,485 nm/525 nm,,,,,,,,,,,,,,,,,,
,560 nm/670 nm,,,,,,,,,,,,,,,,,,
,,,,,,,,,,,,,,,,,,,
Detection settings,,,,,,,,,,,,,,,,,,,
Integration time,400,,,,,,,,,,,,,,,,,,
PMT Sensitivity,Auto,,,,,,,,,,,,,,,,,,
Bottom read,FALSE,,,,,,,,,,,,,,,,,,
Read height,1,,,,,,,,,,,,,,,,,,
,,,,,,,,,,,,,,,,,,,
Shake settings,,,,,,,,,,,,,,,,,,,
Shake,TRUE,,,,,,,,,,,,,,,,,,
Duration,5,,,,,,,,,,,,,,,,,,
Mode,Orbital,,,,,,,,,,,,,,,,,,
Intensity,Medium,,,,,,,,,,,,,,,,,,
,,,,,,,,,,,,,,,,,,,
Read area settings,,,,,,,,,,,,,,,,,,,
Read order,Row,,,,,,,,,,,,,,,,,,
,,,,,,,,,,,,,,,,,,,
Well data,,,,,,,,,,,,,,,,,,,
Wavelength(Ex/Em),485 nm/525 nm,1,2,3,4,5,6,7,8,9,10,11,12,,,,,,
,A,6926738,5638925,6077720,31154664,16168499,10238730,17602232,8239306,31689744,33705812,,26238,,,,,,
,B,32965920,11594347,20527764,6428012,53834088,2970040,,,,,,,,,,,,
,C,7209491,5667708,6303070,32613324,16100020,9726576,19082784,8526081,33349382,32874708,,,,,,,,
,D,33347780,6443642,20013674,12340394,53525456,3020155,,,,,,,,,,,,
,E,7147304,5559083,6316414,33192048,16069598,9185887,18494418,8716679,31909320,30720056,,,,,,,,
,F,29460406,11629906,18976592,6068956,50891560,2959732,,,,,,,,,,,,
,G,,,,,,,,,,,,,,,,,,
,H,,,,,,,,,,,,,,,,,,
,,,,,,,,,,,,,,,,,,,
Wavelength(Ex/Em),560 nm/670 nm,1,2,3,4,5,6,7,8,9,10,11,12,,,,,,
,A,45024328,37053836,44613548,31470126,43591500,25000026,37884644,53081052,34849892,31843148,,3236,,,,,,
,B,34226568,39351484,22824996,50821544,85123,92351,,,,,,,,,,,,
,C,52437884,50029280,57261852,41989020,50336080,26452322,52298552,59004492,47311204,32845822,,,,,,,,
,D,36948124,62660528,24169854,48604300,81819,82592,,,,,,,,,,,,
,E,51200172,48287796,54678536,48645092,47218836,22909424,48282556,57729752,43739156,31349574,,,,,,,,
,F,30993618,38784540,21703910,56296776,73391,79013,,,,,,,,,,,,
,G,,,,,,,,,,,,,,,,,,
,H,,,,,,,,,,,,,,,,,,
,,,,,,,,,,,,,,,,,,,
,,,,,,,,,,,,,,,,,,,
,,,,,,,,,,,,,,,,,,,
Plate  (6 of 12),,,,,,,,,,,,,,,,,,,
Plate name,day6pla2,,,,,,,,,,,,,,,,,,
Barcode,,,,,,,,,,,,,,,,,,,
Microplate name,Greiner clear,,,,,,,,,,,,,,,,,,
Rows,8,,,,,,,,,,,,,,,,,,
Columns,12,,,,,,,,,,,,,,,,,,
Well count,96 Wells,,,,,,,,,,,,,,,,,,
Well shape,Round,,,,,,,,,,,,,,,,,,
Bottom shape,Flat,,,,,,,,,,,,,,,,,,
Orientation,Landscape,,,,,,,,,,,,,,,,,,
Is lidded,FALSE,,,,,,,,,,,,,,,,,,
Read Time,04/24/2025 00:43:00,,,,,,,,,,,,,,,,,,
,,,,,,,,,,,,,,,,,,,
Data Reduction Settings,,,,,,,,,,,,,,,,,,,
Method,Polarization,,,,,,,,,,,,,,,,,,
G-Factor,0.5,,,,,,,,,,,,,,,,,,
,,,,,,,,,,,,,,,,,,,
Settings,,,,,,,,,,,,,,,,,,,
Measurement mode,Fl,,,,,,,,,,,,,,,,,,
Measurement type,Endpoint,,,,,,,,,,,,,,,,,,
,,,,,,,,,,,,,,,,,,,
Wavelength settings,,,,,,,,,,,,,,,,,,,
Method,Mono / Mono,,,,,,,,,,,,,,,,,,
Excitation/Emission,485 nm/525 nm,,,,,,,,,,,,,,,,,,
,560 nm/670 nm,,,,,,,,,,,,,,,,,,
,,,,,,,,,,,,,,,,,,,
Detection settings,,,,,,,,,,,,,,,,,,,
Integration time,400,,,,,,,,,,,,,,,,,,
PMT Sensitivity,Auto,,,,,,,,,,,,,,,,,,
Bottom read,FALSE,,,,,,,,,,,,,,,,,,
Read height,1,,,,,,,,,,,,,,,,,,
,,,,,,,,,,,,,,,,,,,
Shake settings,,,,,,,,,,,,,,,,,,,
Shake,TRUE,,,,,,,,,,,,,,,,,,
Duration,5,,,,,,,,,,,,,,,,,,
Mode,Orbital,,,,,,,,,,,,,,,,,,
Intensity,Medium,,,,,,,,,,,,,,,,,,
,,,,,,,,,,,,,,,,,,,
Read area settings,,,,,,,,,,,,,,,,,,,
Read order,Row,,,,,,,,,,,,,,,,,,
,,,,,,,,,,,,,,,,,,,
Well data,,,,,,,,,,,,,,,,,,,
Wavelength(Ex/Em),485 nm/525 nm,1,2,3,4,5,6,7,8,9,10,11,12,,,,,,
,A,6442846,5187618,5645280,30379740,15383672,9939086,17192506,7579680,31330932,32240824,,25792,,,,,,
,B,31801280,10550155,19112354,5808654,66865640,2933095,,,,,,,,,,,,
,C,6974814,5294512,5973264,31384632,15394158,9462346,18675992,8017544,33162520,32520524,,,,,,,,
,D,33317348,6079262,19016602,11847091,68097672,2998024,,,,,,,,,,,,
,E,7061684,5297208,6208859,33545598,15702592,9015910,18905278,8471388,33209052,31697582,,,,,,,,
,F,32568892,11790428,18980210,5950604,68872448,3008253,,,,,,,,,,,,
,G,,,,,,,,,,,,,,,,,,
,H,,,,,,,,,,,,,,,,,,
,,,,,,,,,,,,,,,,,,,
Wavelength(Ex/Em),560 nm/670 nm,1,2,3,4,5,6,7,8,9,10,11,12,,,,,,
,A,39181192,33752908,39647436,30522464,38560504,24707544,34097560,43081892,31237878,29938894,,2708,,,,,,
,B,31030408,33366016,21064810,42213644,88011,96615,,,,,,,,,,,,
,C,46181736,39087636,47474000,33424442,42535480,23577488,41078112,44407192,35298072,30284728,,,,,,,,
,D,33850332,52954184,21207210,43590664,80738,90498,,,,,,,,,,,,
,E,45423900,41401180,52856944,39914744,45341004,22082258,46001612,53961652,39169496,29855482,,,,,,,,
,F,32211074,36377512,20412876,53037160,78243,83839,,,,,,,,,,,,
,G,,,,,,,,,,,,,,,,,,
,H,,,,,,,,,,,,,,,,,,
,,,,,,,,,,,,,,,,,,,
,,,,,,,,,,,,,,,,,,,
,,,,,,,,,,,,,,,,,,,
Plate  (7 of 12),,,,,,,,,,,,,,,,,,,
Plate name,day7pla2,,,,,,,,,,,,,,,,,,
Barcode,,,,,,,,,,,,,,,,,,,
Microplate name,Greiner clear,,,,,,,,,,,,,,,,,,
Rows,8,,,,,,,,,,,,,,,,,,
Columns,12,,,,,,,,,,,,,,,,,,
Well count,96 Wells,,,,,,,,,,,,,,,,,,
Well shape,Round,,,,,,,,,,,,,,,,,,
Bottom shape,Flat,,,,,,,,,,,,,,,,,,
Orientation,Landscape,,,,,,,,,,,,,,,,,,
Is lidded,FALSE,,,,,,,,,,,,,,,,,,
Read Time,04/24/2025 23:09:54,,,,,,,,,,,,,,,,,,
,,,,,,,,,,,,,,,,,,,
Data Reduction Settings,,,,,,,,,,,,,,,,,,,
Method,Polarization,,,,,,,,,,,,,,,,,,
G-Factor,0.5,,,,,,,,,,,,,,,,,,
,,,,,,,,,,,,,,,,,,,
Settings,,,,,,,,,,,,,,,,,,,
Measurement mode,Fl,,,,,,,,,,,,,,,,,,
Measurement type,Endpoint,,,,,,,,,,,,,,,,,,
,,,,,,,,,,,,,,,,,,,
Wavelength settings,,,,,,,,,,,,,,,,,,,
Method,Mono / Mono,,,,,,,,,,,,,,,,,,
Excitation/Emission,485 nm/525 nm,,,,,,,,,,,,,,,,,,
,560 nm/670 nm,,,,,,,,,,,,,,,,,,
,,,,,,,,,,,,,,,,,,,
Detection settings,,,,,,,,,,,,,,,,,,,
Integration time,400,,,,,,,,,,,,,,,,,,
PMT Sensitivity,Auto,,,,,,,,,,,,,,,,,,
Bottom read,FALSE,,,,,,,,,,,,,,,,,,
Read height,1,,,,,,,,,,,,,,,,,,
,,,,,,,,,,,,,,,,,,,
Shake settings,,,,,,,,,,,,,,,,,,,
Shake,TRUE,,,,,,,,,,,,,,,,,,
Duration,5,,,,,,,,,,,,,,,,,,
Mode,Orbital,,,,,,,,,,,,,,,,,,
Intensity,Medium,,,,,,,,,,,,,,,,,,
,,,,,,,,,,,,,,,,,,,
Read area settings,,,,,,,,,,,,,,,,,,,
Read order,Row,,,,,,,,,,,,,,,,,,
,,,,,,,,,,,,,,,,,,,
Well data,,,,,,,,,,,,,,,,,,,
Wavelength(Ex/Em),485 nm/525 nm,1,2,3,4,5,6,7,8,9,10,11,12,,,,,,
,A,6138411,4814618,5450347,29795764,15195454,9609597,17223270,7144407,29582620,27243284,,23480,,,,,,
,B,31467560,10405387,19236718,5403340,80651592,3032978,,,,,,,,,,,,
,C,6715514,4881254,5754510,30706634,15382321,9378108,18390634,7391364,32204380,31227666,,,,,,,,
,D,32688236,5818764,18973770,11759837,83868560,3094488,,,,,,,,,,,,
,E,6969268,5072177,6138606,33550376,15892228,9203342,19533996,8319456,33562228,31433166,,,,,,,,
,F,33024612,11819822,19473016,5886337,87943768,3077041,,,,,,,,,,,,
,G,,,,,,,,,,,,,,,,,,
,H,,,,,,,,,,,,,,,,,,
,,,,,,,,,,,,,,,,,,,
Wavelength(Ex/Em),560 nm/670 nm,1,2,3,4,5,6,7,8,9,10,11,12,,,,,,
,A,33675524,27641842,35860440,30901968,36063052,24508526,33595936,38766120,30352486,27246348,,2440,,,,,,
,B,29993544,30475268,21019854,38599324,95150,106894,,,,,,,,,,,,
,C,36865680,31305590,41358544,31359766,39707232,23592150,37037412,40841896,32521518,29941918,,,,,,,,
,D,31763926,44102048,21029138,37597956,90055,96850,,,,,,,,,,,,
,E,37209728,31379236,42661028,35546448,40990904,22861326,39433180,47094424,34688092,30071278,,,,,,,,
,F,32761124,32391634,20450976,44882580,86669,94468,,,,,,,,,,,,
,G,,,,,,,,,,,,,,,,,,
,H,,,,,,,,,,,,,,,,,,
,,,,,,,,,,,,,,,,,,,
,,,,,,,,,,,,,,,,,,,
,,,,,,,,,,,,,,,,,,,
Plate  (8 of 12),,,,,,,,,,,,,,,,,,,
Plate name,day2,,,,,,,,,,,,,,,,,,
Barcode,,,,,,,,,,,,,,,,,,,
Microplate name,Greiner clear,,,,,,,,,,,,,,,,,,
Rows,8,,,,,,,,,,,,,,,,,,
Columns,12,,,,,,,,,,,,,,,,,,
Well count,96 Wells,,,,,,,,,,,,,,,,,,
Well shape,Round,,,,,,,,,,,,,,,,,,
Bottom shape,Flat,,,,,,,,,,,,,,,,,,
Orientation,Landscape,,,,,,,,,,,,,,,,,,
Is lidded,FALSE,,,,,,,,,,,,,,,,,,
Read Time,04/19/2025 23:54:15,,,,,,,,,,,,,,,,,,
,,,,,,,,,,,,,,,,,,,
Data Reduction Settings,,,,,,,,,,,,,,,,,,,
Method,Polarization,,,,,,,,,,,,,,,,,,
G-Factor,0.5,,,,,,,,,,,,,,,,,,
,,,,,,,,,,,,,,,,,,,
Settings,,,,,,,,,,,,,,,,,,,
Measurement mode,Fl,,,,,,,,,,,,,,,,,,
Measurement type,Endpoint,,,,,,,,,,,,,,,,,,
,,,,,,,,,,,,,,,,,,,
Wavelength settings,,,,,,,,,,,,,,,,,,,
Method,Mono / Mono,,,,,,,,,,,,,,,,,,
Excitation/Emission,485 nm/525 nm,,,,,,,,,,,,,,,,,,
,560 nm/670 nm,,,,,,,,,,,,,,,,,,
,,,,,,,,,,,,,,,,,,,
Detection settings,,,,,,,,,,,,,,,,,,,
Integration time,400,,,,,,,,,,,,,,,,,,
PMT Sensitivity,Auto,,,,,,,,,,,,,,,,,,
Bottom read,FALSE,,,,,,,,,,,,,,,,,,
Read height,1,,,,,,,,,,,,,,,,,,
,,,,,,,,,,,,,,,,,,,
Shake settings,,,,,,,,,,,,,,,,,,,
Shake,TRUE,,,,,,,,,,,,,,,,,,
Duration,5,,,,,,,,,,,,,,,,,,
Mode,Orbital,,,,,,,,,,,,,,,,,,
Intensity,Medium,,,,,,,,,,,,,,,,,,
,,,,,,,,,,,,,,,,,,,
Read area settings,,,,,,,,,,,,,,,,,,,
Read order,Row,,,,,,,,,,,,,,,,,,
,,,,,,,,,,,,,,,,,,,
Well data,,,,,,,,,,,,,,,,,,,
Wavelength(Ex/Em),485 nm/525 nm,1,2,3,4,5,6,7,8,9,10,11,12,,,,,,
,A,3282901,2516055,2873585,13469852,6503480,5027752,6965982,3554338,14096200,13937818,,,,,,,,
,B,13533469,5324002,8800988,2773580,9827195,2067545,,,,,,,,,,,,
,C,,,,,,,,,,,,,,,,,,
,D,,,,,,,,,,,,,,,,,,
,E,,,,,,,,,,,,,,,,,,
,F,,,,,,,,,,,,,,,,,,
,G,,,,,,,,,,,,,,,,,,
,H,,,,,,,,,,,,,,,,,,
,,,,,,,,,,,,,,,,,,,
Wavelength(Ex/Em),560 nm/670 nm,1,2,3,4,5,6,7,8,9,10,11,12,,,,,,
,A,25880262,15984111,25982126,27700810,25758934,18741404,26144982,26466304,24779084,25979454,,,,,,,,
,B,26961800,25909760,15890631,27389866,33632,41980,,,,,,,,,,,,
,C,,,,,,,,,,,,,,,,,,
,D,,,,,,,,,,,,,,,,,,
,E,,,,,,,,,,,,,,,,,,
,F,,,,,,,,,,,,,,,,,,
,G,,,,,,,,,,,,,,,,,,
,H,,,,,,,,,,,,,,,,,,
,,,,,,,,,,,,,,,,,,,
,,,,,,,,,,,,,,,,,,,
,,,,,,,,,,,,,,,,,,,
Plate  (9 of 12),,,,,,,,,,,,,,,,,,,
Plate name,day3pl1,,,,,,,,,,,,,,,,,,
Barcode,,,,,,,,,,,,,,,,,,,
Microplate name,Greiner clear,,,,,,,,,,,,,,,,,,
Rows,8,,,,,,,,,,,,,,,,,,
Columns,12,,,,,,,,,,,,,,,,,,
Well count,96 Wells,,,,,,,,,,,,,,,,,,
Well shape,Round,,,,,,,,,,,,,,,,,,
Bottom shape,Flat,,,,,,,,,,,,,,,,,,
Orientation,Landscape,,,,,,,,,,,,,,,,,,
Is lidded,FALSE,,,,,,,,,,,,,,,,,,
Read Time,04/21/2025 00:06:38,,,,,,,,,,,,,,,,,,
,,,,,,,,,,,,,,,,,,,
Data Reduction Settings,,,,,,,,,,,,,,,,,,,
Method,Polarization,,,,,,,,,,,,,,,,,,
G-Factor,0.5,,,,,,,,,,,,,,,,,,
,,,,,,,,,,,,,,,,,,,
Settings,,,,,,,,,,,,,,,,,,,
Measurement mode,Fl,,,,,,,,,,,,,,,,,,
Measurement type,Endpoint,,,,,,,,,,,,,,,,,,
,,,,,,,,,,,,,,,,,,,
Wavelength settings,,,,,,,,,,,,,,,,,,,
Method,Mono / Mono,,,,,,,,,,,,,,,,,,
Excitation/Emission,485 nm/525 nm,,,,,,,,,,,,,,,,,,
,560 nm/670 nm,,,,,,,,,,,,,,,,,,
,,,,,,,,,,,,,,,,,,,
Detection settings,,,,,,,,,,,,,,,,,,,
Integration time,400,,,,,,,,,,,,,,,,,,
PMT Sensitivity,Auto,,,,,,,,,,,,,,,,,,
Bottom read,FALSE,,,,,,,,,,,,,,,,,,
Read height,1,,,,,,,,,,,,,,,,,,
,,,,,,,,,,,,,,,,,,,
Shake settings,,,,,,,,,,,,,,,,,,,
Shake,TRUE,,,,,,,,,,,,,,,,,,
Duration,5,,,,,,,,,,,,,,,,,,
Mode,Orbital,,,,,,,,,,,,,,,,,,
Intensity,Medium,,,,,,,,,,,,,,,,,,
,,,,,,,,,,,,,,,,,,,
Read area settings,,,,,,,,,,,,,,,,,,,
Read order,Row,,,,,,,,,,,,,,,,,,
,,,,,,,,,,,,,,,,,,,
Well data,,,,,,,,,,,,,,,,,,,
Wavelength(Ex/Em),485 nm/525 nm,1,2,3,4,5,6,7,8,9,10,11,12,,,,,,
,A,,,,,,,,,,,,,,,,,,
,B,,,,,,,,,,,,,,,,,,
,C,,,,,,,,,,,,,,,,,,
,D,,,,,,,,,,,,,,,,,,
,E,,,,,,,,,,,,,,,,,,
,F,,,,,,,,,,,,,,,,,,
,G,6811480,3532648,6141522,29194476,15601514,9457541,15691246,8046574,29310208,31345686,24179,,,,,,,
,H,30892864,11120065,5105239,6420390,20556274,3246720,24325,,,,,,,,,,,
,,,,,,,,,,,,,,,,,,,
Wavelength(Ex/Em),560 nm/670 nm,1,2,3,4,5,6,7,8,9,10,11,12,,,,,,
,A,,,,,,,,,,,,,,,,,,
,B,,,,,,,,,,,,,,,,,,
,C,,,,,,,,,,,,,,,,,,
,D,,,,,,,,,,,,,,,,,,
,E,,,,,,,,,,,,,,,,,,
,F,,,,,,,,,,,,,,,,,,
,G,61523196,2299190,63703768,56631632,63118604,34523600,65192980,68354296,52240636,44614664,2889,,,,,,,
,H,56669988,61961644,1969352,67271640,85395,84207,3286,,,,,,,,,,,
,,,,,,,,,,,,,,,,,,,
,,,,,,,,,,,,,,,,,,,
,,,,,,,,,,,,,,,,,,,
Plate  (10 of 12),,,,,,,,,,,,,,,,,,,
Plate name,day3pl2,,,,,,,,,,,,,,,,,,
Barcode,,,,,,,,,,,,,,,,,,,
Microplate name,Greiner clear,,,,,,,,,,,,,,,,,,
Rows,8,,,,,,,,,,,,,,,,,,
Columns,12,,,,,,,,,,,,,,,,,,
Well count,96 Wells,,,,,,,,,,,,,,,,,,
Well shape,Round,,,,,,,,,,,,,,,,,,
Bottom shape,Flat,,,,,,,,,,,,,,,,,,
Orientation,Landscape,,,,,,,,,,,,,,,,,,
Is lidded,FALSE,,,,,,,,,,,,,,,,,,
Read Time,04/21/2025 00:11:30,,,,,,,,,,,,,,,,,,
,,,,,,,,,,,,,,,,,,,
Data Reduction Settings,,,,,,,,,,,,,,,,,,,
Method,Polarization,,,,,,,,,,,,,,,,,,
G-Factor,0.5,,,,,,,,,,,,,,,,,,
,,,,,,,,,,,,,,,,,,,
Settings,,,,,,,,,,,,,,,,,,,
Measurement mode,Fl,,,,,,,,,,,,,,,,,,
Measurement type,Endpoint,,,,,,,,,,,,,,,,,,
,,,,,,,,,,,,,,,,,,,
Wavelength settings,,,,,,,,,,,,,,,,,,,
Method,Mono / Mono,,,,,,,,,,,,,,,,,,
Excitation/Emission,485 nm/525 nm,,,,,,,,,,,,,,,,,,
,560 nm/670 nm,,,,,,,,,,,,,,,,,,
,,,,,,,,,,,,,,,,,,,
Detection settings,,,,,,,,,,,,,,,,,,,
Integration time,400,,,,,,,,,,,,,,,,,,
PMT Sensitivity,Auto,,,,,,,,,,,,,,,,,,
Bottom read,FALSE,,,,,,,,,,,,,,,,,,
Read height,1,,,,,,,,,,,,,,,,,,
,,,,,,,,,,,,,,,,,,,
Shake settings,,,,,,,,,,,,,,,,,,,
Shake,TRUE,,,,,,,,,,,,,,,,,,
Duration,5,,,,,,,,,,,,,,,,,,
Mode,Orbital,,,,,,,,,,,,,,,,,,
Intensity,Medium,,,,,,,,,,,,,,,,,,
,,,,,,,,,,,,,,,,,,,
Read area settings,,,,,,,,,,,,,,,,,,,
Read order,Row,,,,,,,,,,,,,,,,,,
,,,,,,,,,,,,,,,,,,,
Well data,,,,,,,,,,,,,,,,,,,
Wavelength(Ex/Em),485 nm/525 nm,1,2,3,4,5,6,7,8,9,10,11,12,,,,,,
,A,7793806,5677768,7273612,36414492,17839558,11028591,19249150,9828957,33244370,32917312,,,,,,,,
,B,33102454,12412196,18127808,7467916,24403008,3104134,,,,,,,,,,,,
,C,3642134,2709967,3148644,16125699,7467612,5377024,9225035,4265463,16134679,16139402,,,,,,,,
,D,16645831,3010566,9496066,6075483,17850660,2259445,,,,,,,,,,,,
,E,,,,,,,,,,,,,,,,,,
,F,,,,,,,,,,,,,,,,,,
,G,,,,,,,,,,,,,,,,,,
,H,,,,,,,,,,,,,,,,,,
,,,,,,,,,,,,,,,,,,,
Wavelength(Ex/Em),560 nm/670 nm,1,2,3,4,5,6,7,8,9,10,11,12,,,,,,
,A,68305000,47079904,73400104,59835840,67829992,43621452,67037784,79290720,59790104,52804816,,,,,,,,
,B,55462568,62469160,38828592,79976120,75123,78349,,,,,,,,,,,,
,C,24701934,21731656,25905612,25258442,24870680,20038520,26987658,26547158,22638884,24779226,,,,,,,,
,D,25786264,28178544,16459791,23949010,37276,47248,,,,,,,,,,,,
,E,,,,,,,,,,,,,,,,,,
,F,,,,,,,,,,,,,,,,,,
,G,,,,,,,,,,,,,,,,,,
,H,,,,,,,,,,,,,,,,,,
,,,,,,,,,,,,,,,,,,,
,,,,,,,,,,,,,,,,,,,
,,,,,,,,,,,,,,,,,,,
Plate  (11 of 12),,,,,,,,,,,,,,,,,,,
Plate name,day4pl1,,,,,,,,,,,,,,,,,,
Barcode,,,,,,,,,,,,,,,,,,,
Microplate name,Greiner clear,,,,,,,,,,,,,,,,,,
Rows,8,,,,,,,,,,,,,,,,,,
Columns,12,,,,,,,,,,,,,,,,,,
Well count,96 Wells,,,,,,,,,,,,,,,,,,
Well shape,Round,,,,,,,,,,,,,,,,,,
Bottom shape,Flat,,,,,,,,,,,,,,,,,,
Orientation,Landscape,,,,,,,,,,,,,,,,,,
Is lidded,FALSE,,,,,,,,,,,,,,,,,,
Read Time,04/21/2025 23:13:30,,,,,,,,,,,,,,,,,,
,,,,,,,,,,,,,,,,,,,
Data Reduction Settings,,,,,,,,,,,,,,,,,,,
Method,Polarization,,,,,,,,,,,,,,,,,,
G-Factor,0.5,,,,,,,,,,,,,,,,,,
,,,,,,,,,,,,,,,,,,,
Settings,,,,,,,,,,,,,,,,,,,
Measurement mode,Fl,,,,,,,,,,,,,,,,,,
Measurement type,Endpoint,,,,,,,,,,,,,,,,,,
,,,,,,,,,,,,,,,,,,,
Wavelength settings,,,,,,,,,,,,,,,,,,,
Method,Mono / Mono,,,,,,,,,,,,,,,,,,
Excitation/Emission,485 nm/525 nm,,,,,,,,,,,,,,,,,,
,560 nm/670 nm,,,,,,,,,,,,,,,,,,
,,,,,,,,,,,,,,,,,,,
Detection settings,,,,,,,,,,,,,,,,,,,
Integration time,400,,,,,,,,,,,,,,,,,,
PMT Sensitivity,Auto,,,,,,,,,,,,,,,,,,
Bottom read,FALSE,,,,,,,,,,,,,,,,,,
Read height,1,,,,,,,,,,,,,,,,,,
,,,,,,,,,,,,,,,,,,,
Shake settings,,,,,,,,,,,,,,,,,,,
Shake,TRUE,,,,,,,,,,,,,,,,,,
Duration,5,,,,,,,,,,,,,,,,,,
Mode,Orbital,,,,,,,,,,,,,,,,,,
Intensity,Medium,,,,,,,,,,,,,,,,,,
,,,,,,,,,,,,,,,,,,,
Read area settings,,,,,,,,,,,,,,,,,,,
Read order,Row,,,,,,,,,,,,,,,,,,
,,,,,,,,,,,,,,,,,,,
Well data,,,,,,,,,,,,,,,,,,,
Wavelength(Ex/Em),485 nm/525 nm,1,2,3,4,5,6,7,8,9,10,11,12,,,,,,
,A,,,,,,,,,,,,,,,,,,
,B,,,,,,,,,,,,,,,,,,
,C,,,,,,,,,,,,,,,,,,
,D,,,,,,,,,,,,,,,,,,
,E,,,,,,,,,,,,,,,,,,
,F,,,,,,,,,,,,,,,,,,
,G,6831294,3602400,6037786,31299038,15971389,9474489,16856754,8044626,30674610,33813108,,,,,,,,
,H,34166716,11418885,6611565,6210614,32993866,3327687,,,,,,,,,,,,
,,,,,,,,,,,,,,,,,,,
Wavelength(Ex/Em),560 nm/670 nm,1,2,3,4,5,6,7,8,9,10,11,12,,,,,,
,A,,,,,,,,,,,,,,,,,,
,B,,,,,,,,,,,,,,,,,,
,C,,,,,,,,,,,,,,,,,,
,D,,,,,,,,,,,,,,,,,,
,E,,,,,,,,,,,,,,,,,,
,F,,,,,,,,,,,,,,,,,,
,G,55057328,2346099,57300104,47481552,53299244,27924010,56289556,59823072,42364580,34138128,,,,,,,,
,H,42391960,52872496,2718376,57814304,90622,89122,,,,,,,,,,,,
,,,,,,,,,,,,,,,,,,,
,,,,,,,,,,,,,,,,,,,
,,,,,,,,,,,,,,,,,,,
Plate  (12 of 12),,,,,,,,,,,,,,,,,,,
Plate name,day4pl2,,,,,,,,,,,,,,,,,,
Barcode,,,,,,,,,,,,,,,,,,,
Microplate name,Greiner clear,,,,,,,,,,,,,,,,,,
Rows,8,,,,,,,,,,,,,,,,,,
Columns,12,,,,,,,,,,,,,,,,,,
Well count,96 Wells,,,,,,,,,,,,,,,,,,
Well shape,Round,,,,,,,,,,,,,,,,,,
Bottom shape,Flat,,,,,,,,,,,,,,,,,,
Orientation,Landscape,,,,,,,,,,,,,,,,,,
Is lidded,FALSE,,,,,,,,,,,,,,,,,,
Read Time,04/21/2025 23:16:44,,,,,,,,,,,,,,,,,,
,,,,,,,,,,,,,,,,,,,
Data Reduction Settings,,,,,,,,,,,,,,,,,,,
Method,Polarization,,,,,,,,,,,,,,,,,,
G-Factor,0.5,,,,,,,,,,,,,,,,,,
,,,,,,,,,,,,,,,,,,,
Settings,,,,,,,,,,,,,,,,,,,
Measurement mode,Fl,,,,,,,,,,,,,,,,,,
Measurement type,Endpoint,,,,,,,,,,,,,,,,,,
,,,,,,,,,,,,,,,,,,,
Wavelength settings,,,,,,,,,,,,,,,,,,,
Method,Mono / Mono,,,,,,,,,,,,,,,,,,
Excitation/Emission,485 nm/525 nm,,,,,,,,,,,,,,,,,,
,560 nm/670 nm,,,,,,,,,,,,,,,,,,
,,,,,,,,,,,,,,,,,,,
Detection settings,,,,,,,,,,,,,,,,,,,
Integration time,400,,,,,,,,,,,,,,,,,,
PMT Sensitivity,Auto,,,,,,,,,,,,,,,,,,
Bottom read,FALSE,,,,,,,,,,,,,,,,,,
Read height,1,,,,,,,,,,,,,,,,,,
,,,,,,,,,,,,,,,,,,,
Shake settings,,,,,,,,,,,,,,,,,,,
Shake,TRUE,,,,,,,,,,,,,,,,,,
Duration,5,,,,,,,,,,,,,,,,,,
Mode,Orbital,,,,,,,,,,,,,,,,,,
Intensity,Medium,,,,,,,,,,,,,,,,,,
,,,,,,,,,,,,,,,,,,,
Read area settings,,,,,,,,,,,,,,,,,,,
Read order,Row,,,,,,,,,,,,,,,,,,
,,,,,,,,,,,,,,,,,,,
Well data,,,,,,,,,,,,,,,,,,,
Wavelength(Ex/Em),485 nm/525 nm,1,2,3,4,5,6,7,8,9,10,11,12,,,,,,
,A,7474515,5908302,6781608,33522584,17300100,11344716,18878292,9114783,33501524,34739268,,,,,,,,
,B,33984072,12726413,22038900,7105712,36863244,3137304,,,,,,,,,,,,
,C,7511299,5859966,6768046,33876780,16617748,9988651,19031258,9334503,33077060,32595086,,,,,,,,
,D,33220260,6835364,20272368,12643289,34110804,3047498,,,,,,,,,,,,
,E,4175421,2677515,3128315,17722400,8469859,5913063,10437747,4428309,18037598,18516802,,23575,,,,,,
,F,11691882,7056107,11695144,3034579,26490242,2439621,,,,,,,,,,,,
,G,,,,,,,,,,,,,,,,,,
,H,,,,,,,,,,,,,,,,,,
,,,,,,,,,,,,,,,,,,,
Wavelength(Ex/Em),560 nm/670 nm,1,2,3,4,5,6,7,8,9,10,11,12,,,,,,
,A,54683152,51891892,60326292,39627120,57250204,34819800,46705196,66320964,41155816,38163340,,,,,,,,
,B,39476444,53499720,33805936,69675592,80955,88229,,,,,,,,,,,,
,C,57851236,53552928,62441388,53357320,56893796,31524408,58061804,65248776,53886552,40094076,,,,,,,,
,D,47937556,68959320,31009192,54034012,78197,74891,,,,,,,,,,,,
,E,23259900,17618508,21484092,23645106,21528116,14133713,24687498,23310644,24074954,22339830,,3329,,,,,,
,F,14551225,20820600,13526397,23983090,41066,56258,,,,,,,,,,,,
,G,,,,,,,,,,,,,,,,,,
,H,,,,,,,,,,,,,,,,,,